{"cameraMode":{"drawMode":0,"name":"Shaded","section":"Shading Mode"},"sceneLighting":true,"audioPlay":false,"sceneViewState":{"m_AlwaysRefresh":false,"showFog":true,"showSkybox":true,"showFlares":true,"showImageEffects":true,"showParticleSystems":true,"showVisualEffectGraphs":true,"m_FxEnabled":true},"in2DMode":false,"pivot":{"x":0.37892627716064455,"y":-19.35915756225586,"z":14.660901069641114},"rotation":{"x":-0.3419956862926483,"y":0.6578185558319092,"z":-0.46451911330223086,"w":-0.48440787196159365},"size":19.110746383666993,"orthographic":false}