{"cameraMode":{"drawMode":0,"name":"Shaded","section":"Shading Mode"},"sceneLighting":false,"audioPlay":false,"sceneViewState":{"m_AlwaysRefresh":false,"showFog":true,"showSkybox":false,"showFlares":true,"showImageEffects":true,"showParticleSystems":true,"showVisualEffectGraphs":true,"m_FxEnabled":true},"in2DMode":false,"pivot":{"x":6.210569858551025,"y":0.39203792810440066,"z":11.672513961791993},"rotation":{"x":0.08841806650161743,"y":0.8978626728057861,"z":-0.21099242568016053,"w":0.3762267529964447},"size":1.1925489902496338,"orthographic":false}